Cozy Private Room in Family Home,1203
Luxury Accommodation in Green City,1470
"NEW
                    
                      Silver Springs Residence",1603
1 room-Comfort+Central+Nightlife,668
PENTHOUSE IN THE HEART OF THE CITY,2138
Casa Cottage - Heritage property,3474
Studio GF Apartment near ITC,1269
Cozy Airconditioned room,1720
"Family friendly apartment,PentHouse",2205
"Amber Inn,Turquoise room, Bangalore",2004
Centrally Located Designer Arthouse,1269
Penthouse Furnished Private Room,1470
Mon DÃ©sir eco sing n2 heart of city,1002
Spacious and Classy 1 BHK Apartment,1871
Classic Villa  3 BHK full home,2272
1 BHK Penthouse in Central location,1804
Walking dist. frm MG/Brigade road.,2205
Aira Serviced Apartments - Room 2,1336
